{"cameraMode":{"drawMode":0,"name":"Shaded","section":"Shading Mode"},"sceneLighting":true,"audioPlay":false,"sceneViewState":{"showFog":true,"showMaterialUpdate":false,"showSkybox":true,"showFlares":true,"showImageEffects":true,"showParticleSystems":true},"in2DMode":false,"pivot":{"x":25.81978988647461,"y":4.244243621826172,"z":-2.812877655029297},"rotation":{"x":-0.23528485000133515,"y":0.3024124503135681,"z":-0.07730413973331452,"w":-0.9204410910606384},"size":74.36408233642578,"orthographic":false}